Sepal.Length,Sepal.Width,Petal.Length,Petal.Width,Species
4.6,3.1,1.5,0.2,setosa
5.4,3.9,1.7,0.4,setosa
4.6,3.4,1.4,0.3,setosa
5.1,3.5,1.4,0.3,setosa
5.1,3.8,1.5,0.3,setosa
5.4,3.4,1.7,0.2,setosa
5.2,3.4,1.4,0.2,setosa
4.9,3.1,1.5,0.2,setosa
5.5,3.5,1.3,0.2,setosa
5,3.5,1.3,0.3,setosa
4.4,3.2,1.3,0.2,setosa
4.8,3,1.4,0.3,setosa
6.4,3.2,4.5,1.5,versicolor
5,2,3.5,1,versicolor
5.6,2.5,3.9,1.1,versicolor
6.1,2.8,4,1.3,versicolor
6.6,3,4.4,1.4,versicolor
6.8,2.8,4.8,1.4,versicolor
6,2.9,4.5,1.5,versicolor
5.7,2.6,3.5,1,versicolor
5,2.3,3.3,1,versicolor
5.6,2.7,4.2,1.3,versicolor
5.7,3,4.2,1.2,versicolor
5.1,2.5,3,1.1,versicolor
6.3,2.9,5.6,1.8,virginica
6.7,2.5,5.8,1.8,virginica
6.5,3.2,5.1,2,virginica
6.4,2.7,5.3,1.9,virginica
6.5,3,5.5,1.8,virginica
6.9,3.2,5.7,2.3,virginica
6.7,3.3,5.7,2.1,virginica
6.1,2.6,5.6,1.4,virginica
6,3,4.8,1.8,virginica
6.7,3.3,5.7,2.5,virginica
6.5,3,5.2,2,virginica
5.9,3,5.1,1.8,virginica
